"Ultiboard Information Export File"

"Design Name  : DMX Daughter - Part centroids"
"Report Date  : 2 July 2018"
"Report Time  : 13:52"
"--------------------------------------------------------------------------------"

"REFDES","VALUE","SHAPE","X_CENTRE[mil]","Y_CENTRE[mil]","ROT","SIDE","TYPE","DEVICE","DONOTANNOTATE","LIBRARYTREEID","NETBRIDGE","PACKAGE","TXT"

"C1",".1uF","CAPC2012X145N","-608.00000","-53.50000","90","TOP","SMD","CAPACITOR","","","","IPC-7351\Chip-C0805",""
"C2",".1uF","CAPC2012X145N","1604.50000","182.50000","270","TOP","SMD","CAPACITOR","","","","IPC-7351\Chip-C0805",""
"C3",".1uF","CAPC2012X145N","-46.00000","-27.00000","270","TOP","SMD","CAPACITOR","","","","IPC-7351\Chip-C0805",""
"C4","18pF","CAPC2012X145N","-1020.25000","-124.50000","270","TOP","SMD","CAPACITOR","","","","IPC-7351\Chip-C0805",""
"C5","18pF","CAPC2012X145N","-1020.25000","-307.00000","90","TOP","SMD","CAPACITOR","","","","IPC-7351\Chip-C0805",""
"C6",".1uF","CAPC2012X145N","2096.00000","436.50000","0","TOP","SMD","CAPACITOR","","","","IPC-7351\Chip-C0805",""
"C7","33uF","CAPAE660X570N","42.00000","1174.50000","90","TOP","SMD","CAP_ELECTROLIT","","","","IPC-7351\AlumElec-CaseD2",""
"C8","2.2uF","CAPC2012X145N","-131.00000","945.00000","180","TOP","SMD","CAPACITOR","","","","IPC-7351\Chip-C0805",""
"C9","2.2uF","CAPC3216X180N","-650.00000","1191.00000","180","TOP","SMD","CAPACITOR","","","","IPC-7351\Chip-C1206",""
"C10","2.2uF","CAPC3225X279N","1012.00000","-32.50000","270","TOP","SMD","CAPACITOR","","","","IPC-7351\Chip-C1210",""
"C11",".1uF","CAPC2012X145N","859.50000","-10.50000","270","TOP","SMD","CAPACITOR","","","","IPC-7351\Chip-C0805",""
"C12",".1uF","CAPC2012X145N","318.00000","-145.00000","270","TOP","SMD","CAPACITOR","","","","IPC-7351\Chip-C0805",""
"C13","1uF","CAPC2012X145N","215.25000","-144.34449","270","TOP","SMD","CAPACITOR","","","","IPC-7351\Chip-C0805",""
"D1","MMBD914LT3G","SOT95P237X111-3N","1184.00000","21.50000","180","TOP","SMD","SWITCHING_DIODE","","","","ON Semiconductor\SOT-23-3(CASE 318-08AP)",""
"FTDI","FTDI","HDR1X6","2290.00000","611.00000","270","TOP","THD","Specialty","","82","","Generic\HDR1X6",""
"FTDI_DMX","FTDI","HDR1X6","2506.50000","180.00000","270","TOP","THD","Specialty","","82","","Generic\HDR1X6",""
"ISP","ISP","J-Link 6-pin","-12.50000","-391.00000","90","TOP","SMD","Ribbon","","","","Ultiboard\J-Link 6-pin",""
"J1","HDR1X4","1875441","-2008.40543","-1039.76378","270","TOP","THD","HEADERS_TEST","","","","Ultiboard\1875441",""
"J2","HDR1X4","1875441","-1183.40543","-1039.76378","270","TOP","THD","HEADERS_TEST","","","","Ultiboard\1875441",""
"J3","HDR1X4","1875441","-2013.40543","1040.23618","270","TOP","THD","HEADERS_TEST","","","","Ultiboard\1875441",""
"J4","HDR1X2","2-PTH","300.00000","1500.00000","270","TOP","THD","HEADERS_TEST","","","","Ultiboard\2-PTH","Spike"
"J5","HDR2X4","8-PTH","3444.00000","-595.75000","270","TOP","THD","HEADERS_TEST","","","","Ultiboard\8-PTH",""
"J6","HDR1X4","1875441","-1183.40543","1040.23618","270","TOP","THD","HEADERS_TEST","","","","Ultiboard\1875441",""
"J7","HDR1X2","2-PTH","-850.00000","-1500.00000","90","TOP","THD","HEADERS_TEST","","","","Ultiboard\2-PTH","Spike"
"J8","HDR1X3","1875438","2012.69681","105.23622","90","TOP","THD","HEADERS_TEST","","","","Ultiboard\1875438",""
"J9","HDR1X3","HDR1X3","2289.50000","142.00000","90","TOP","THD","HEADERS_TEST","","82","","Generic\HDR1X3",""
"J10","HDR1X2","2-PTH","-850.00000","1500.00000","270","TOP","THD","HEADERS_TEST","","","","Ultiboard\2-PTH","PinSpot"
"J11","TEST_PT_THT","PB","4930.50000","-167.50000","0","TOP","THD","HEADERS_TEST","","138","","Generic\TEST_PT_THT","+"
"J12","TEST_PT_THT","PB","3188.00000","221.00000","0","TOP","THD","HEADERS_TEST","","138","","Generic\TEST_PT_THT","-"
"J13","HDR1X3","3-PTH","300.00000","-1425.00000","90","TOP","THD","HEADERS_TEST","","","","Ultiboard\3-PTH","LED1"
"J14","HDR1X3","3-PTH","1400.00000","-1425.00000","90","TOP","THD","HEADERS_TEST","","","","Ultiboard\3-PTH","LED2"
"J15","HDR1X3","3-PTH","1750.00000","-1600.00000","90","TOP","THD","HEADERS_TEST","","","","Ultiboard\3-PTH","LED3"
"J16","HDR1X3","3-PTH","3000.00000","-1425.00000","90","TOP","THD","HEADERS_TEST","","","","Ultiboard\3-PTH","LED4"
"J17","HDR1X3","3-PTH","3690.00000","808.00000","270","TOP","THD","HEADERS_TEST","","","","Ultiboard\3-PTH","LED5"
"J18","HDR1X3","3-PTH","3000.00000","1425.00000","270","TOP","THD","HEADERS_TEST","","","","Ultiboard\3-PTH","LED6"
"J19","HDR1X3","3-PTH","1750.00000","1600.00000","270","TOP","THD","HEADERS_TEST","","","","Ultiboard\3-PTH","LED7"
"J20","HDR1X3","3-PTH","1400.00000","1425.00000","270","TOP","THD","HEADERS_TEST","","","","Ultiboard\3-PTH","LED8"
"L1","6.8uH","SDR1307-2","-703.50000","787.00000","270","TOP","SMD","INDUCTOR","","","","Ultiboard\SDR1307-2",""
"LED1","LED","D0805","2470.50000","974.00000","0","TOP","SMD","LED","","","","Ultiboard\D0805",""
"NB1","NETBRIDGE","NB-20","1889.00000","-297.50000","180","TOP","UNKNOWN","","1","","NETBRIDGE","",""
"Q1","IRLML6244TRPBF","SOT95P237X112-3AN","-330.50000","714.00000","180","TOP","SMD","POWER_MOS_N","","","","International Rectifier\SOT-23-3(Micro3)",""
"R1","20kOhm","RESC2012X70N","-260.00000","233.00000","180","TOP","SMD","RESISTOR","","","","IPC-7351\Chip-R0805",""
"R2","1kOhm","RESC2012X70N","2620.50000","974.00000","180","TOP","SMD","RESISTOR","","","","IPC-7351\Chip-R0805",""
"R3","20kOhm","RESC2012X70N","1645.50000","296.50000","0","TOP","SMD","RESISTOR","","","","IPC-7351\Chip-R0805",""
"R4","120Ohm","RESC2012X70N","2380.50000","192.00000","270","TOP","SMD","RESISTOR","","","","IPC-7351\Chip-R0805",""
"R5","1kOhm","RESC2012X70N","2401.00000","385.50000","270","TOP","SMD","RESISTOR","","","","IPC-7351\Chip-R0805",""
"R6","20kOhm","RESC2012X70N","-443.50000","-417.50000","90","TOP","SMD","RESISTOR","","","","IPC-7351\Chip-R0805",""
"R7","22mOhm","RESC6432X70N","443.50000","1177.00000","0","TOP","SMD","RESISTOR","","","","IPC-7351\Chip-R2512",""
"R8","24mOhm","RESC6432X70N","-351.50000","1161.00000","180","TOP","SMD","RESISTOR","","","","IPC-7351\Chip-R2512",""
"R9","20kOhm","RESC2012X70N","-583.00000","257.50000","90","TOP","SMD","RESISTOR","","","","IPC-7351\Chip-R0805",""
"R10","20kOhm","RESC2012X70N","-172.00000","674.50000","180","TOP","SMD","RESISTOR","","","","IPC-7351\Chip-R0805",""
"R12","40kOhm","RESC2012X70N","390.00000","90.50000","0","TOP","SMD","RESISTOR","","","","IPC-7351\Chip-R0805",""
"R13","20kOhm","RESC2012X70N","390.50000","162.50000","180","TOP","SMD","RESISTOR","","","","IPC-7351\Chip-R0805",""
"RST","SPST-NO","PTS645","2533.50000","705.00000","0","TOP","SMD","Switches","","","","Ultiboard\PTS645",""
"S1","SPST-NO","PTS645","2802.50000","705.00000","180","TOP","SMD","Switches","","","","Ultiboard\PTS645",""
"U1","Atmega328p","QFP80P900X900X120-32N","-340.00000","-52.00000","0","TOP","SMD","Atmel","","","","IPC-7351\TQFP-32A",""
"U2","MAX3283E","SOT95P280X145-6N","1740.50000","182.00000","0","TOP","SMD","Interfaces","","","","IPC-7351\SOT23-6",""
"U3","ILD4001","SOP95P250X110-6AN","-136.40551","811.43307","270","TOP","SMD","Buck","","","","Infineon\SC-74-6(SC74)",""
"U4","RB081LAM","SODFL4725X110N","-341.50000","933.00000","270","TOP","SMD","Single","","","","NXP Semiconductors\SOD-128-2(SOD128)",""
"U5","AZ1117CH","SOT230P700X180-4AN","589.50000","-52.00000","180","TOP","SMD","LDO","","","","NXP Semiconductors\SC-73-4(SOT223)",""
"X1","FUSE","3522","4200.00000","2200.00000","180","TOP","THD","SCHEMATIC_SYMBOLS","","","","Ultiboard\3522","S"
"X2","FUSE","3522","4200.00000","-2200.00000","180","TOP","THD","SCHEMATIC_SYMBOLS","","","","Ultiboard\3522","S"
"X3","FUSE","3522","4200.00000","0.00000","180","TOP","THD","SCHEMATIC_SYMBOLS","","","","Ultiboard\3522","PinSpot"
"X4","FUSE","3522","4200.00000","-2000.00000","180","TOP","THD","SCHEMATIC_SYMBOLS","","","","Ultiboard\3522","1"
"X5","FUSE","3522","4200.00000","-1800.00000","180","TOP","THD","SCHEMATIC_SYMBOLS","","","","Ultiboard\3522","2"
"X6","FUSE","3522","4200.00000","-1600.00000","180","TOP","THD","SCHEMATIC_SYMBOLS","","","","Ultiboard\3522","3"
"X7","FUSE","3522","4200.00000","-1400.00000","180","TOP","THD","SCHEMATIC_SYMBOLS","","","","Ultiboard\3522","4"
"X8","FUSE","3522","4200.00000","1400.00000","180","TOP","THD","SCHEMATIC_SYMBOLS","","","","Ultiboard\3522","5"
"X9","FUSE","3522","4200.00000","1600.00000","180","TOP","THD","SCHEMATIC_SYMBOLS","","","","Ultiboard\3522","6"
"X10","FUSE","3522","4200.00000","1800.00000","180","TOP","THD","SCHEMATIC_SYMBOLS","","","","Ultiboard\3522","7"
"X11","FUSE","3522","4200.00000","2000.00000","180","TOP","THD","SCHEMATIC_SYMBOLS","","","","Ultiboard\3522","8"
"Y1","Crystal","AT49","-828.50000","-182.50000","270","TOP","SMD","CRYSTAL","","","","Ultiboard\AT49",""
